{"cameraMode":{"drawMode":0,"name":"Shaded","section":"Shading Mode"},"sceneLighting":true,"audioPlay":false,"sceneViewState":{"m_AlwaysRefresh":false,"showFog":true,"showSkybox":true,"showFlares":true,"showImageEffects":true,"showParticleSystems":true,"showVisualEffectGraphs":true,"m_FxEnabled":true},"in2DMode":false,"pivot":{"x":334.6476135253906,"y":606.2933959960938,"z":31.422760009765626},"rotation":{"x":0.06924508512020111,"y":-0.016464445739984514,"z":0.0011428932193666697,"w":0.9974675178527832},"size":355.7848205566406,"orthographic":false}